{"initial_reset_timestamp": 1619213119.3657293, "timestamps": [1619213188.6405632, 1619213190.9106276, 1619213193.0262053, 1619213198.24501, 1619213200.286244, 1619213202.003438, 1619213203.9893909, 1619213205.8620062, 1619213207.9528298, 1619213210.013819, 1619213213.0236251, 1619213216.4940362, 1619213218.989313, 1619213228.1486583, 1619213232.8471463, 1619213240.1365807, 1619213244.9741032, 1619213247.5044563, 1619213251.5371149, 1619213255.1163752, 1619213263.7278018, 1619213266.3933854, 1619213269.2673602, 1619213272.8155394, 1619213284.1838174, 1619213286.8487988, 1619213299.9918451, 1619213303.0410628, 1619213307.994035, 1619213315.062482, 1619213318.4682877, 1619213320.1745014, 1619213322.2351408, 1619213324.0796745, 1619213326.6343563, 1619213330.3461323, 1619213332.6452858, 1619213334.5534523, 1619213336.3722045, 1619213338.6907575], "episode_lengths": [10, 10, 10, 26, 10, 9, 10, 10, 10, 10, 14, 18, 11, 46, 23, 38, 26, 11, 18, 17, 42, 14, 15, 19, 61, 14, 69, 15, 25, 36, 17, 9, 9, 9, 12, 16, 10, 10, 9, 12], "episode_rewards": [10.0, 10.0, 10.0, 26.0, 10.0, 9.0, 10.0, 10.0, 10.0, 10.0, 14.0, 18.0, 11.0, 46.0, 23.0, 38.0, 26.0, 11.0, 18.0, 17.0, 42.0, 14.0, 15.0, 19.0, 61.0, 14.0, 69.0, 15.0, 25.0, 36.0, 17.0, 9.0, 9.0, 9.0, 12.0, 16.0, 10.0, 10.0, 9.0, 12.0], "episode_types": ["t", "t", "t", "t", "t", "t", "t", "t", "t", "t", "t", "t", "t", "t", "t", "t", "t", "t", "t", "t", "t", "t", "t", "t", "t", "t", "t", "t", "t", "t", "t", "t", "t", "t", "t", "t", "t", "t", "t", "t"]}