{"initial_reset_timestamp": 1619273872.1193116, "timestamps": [1619273954.3035495, 1619273956.6119761, 1619273959.3019803, 1619273963.5368335, 1619273968.461973, 1619273970.982136, 1619273973.3736134, 1619273975.3674686, 1619273977.517279, 1619273979.3323202, 1619273981.8571427, 1619273994.4099398, 1619273998.5421505, 1619274001.87857, 1619274010.5516713, 1619274017.0232759, 1619274028.0336905, 1619274035.0980587, 1619274039.2182996, 1619274041.6014123, 1619274044.4017124, 1619274051.6406271, 1619274057.4725149, 1619274060.655843, 1619274067.3810947, 1619274074.548925, 1619274078.1521647, 1619274080.4256592, 1619274085.5406163, 1619274095.087637, 1619274098.873901, 1619274103.634689, 1619274111.65311, 1619274115.0399437, 1619274124.6796758, 1619274132.6100018, 1619274137.937498, 1619274141.8382156, 1619274146.7078676, 1619274154.369451, 1619274160.148366, 1619274164.5349762, 1619274167.1071193, 1619274192.2276497, 1619274202.554788, 1619274209.1727822, 1619274219.75073, 1619274226.763089, 1619274230.2847257, 1619274235.666759, 1619274239.3434677, 1619274244.6692936, 1619274252.4346957, 1619274255.0706744, 1619274259.68938, 1619274267.4938169, 1619274272.532303, 1619274279.2152827, 1619274297.0410268, 1619274301.655291, 1619274313.329338, 1619274321.550478, 1619274338.5227585, 1619274345.6799512, 1619274348.877448, 1619274354.9778523, 1619274362.9934087, 1619274370.9207466, 1619274384.050333, 1619274388.7258165, 1619274407.2924411, 1619274410.08267, 1619274412.5210538, 1619274415.7349186, 1619274418.5347033, 1619274423.8544605, 1619274436.391481, 1619274443.0111163, 1619274450.7650712, 1619274457.59737, 1619274470.2455359, 1619274478.4188025, 1619274484.9920132, 1619274494.76932, 1619274505.8769896, 1619274509.5480638, 1619274513.235139, 1619274518.7073877, 1619274527.6161408, 1619274537.843262, 1619274546.1189823, 1619274550.934621, 1619274557.2161438, 1619274561.1819212, 1619274568.5993118, 1619274577.777695, 1619274581.6461647, 1619274585.6765387, 1619274607.632209, 1619274613.2722995, 1619274626.6104226, 1619274650.6154215, 1619274654.8177319, 1619274663.841555, 1619274671.2944245, 1619274677.3530874, 1619274683.7922757, 1619274689.1094923, 1619274700.0779788, 1619274703.4259567, 1619274707.0130243, 1619274714.226241, 1619274721.0302606, 1619274724.7640002, 1619274731.1330843, 1619274740.3272831, 1619274743.4473035, 1619274746.9860756, 1619274755.2707484, 1619274763.4368467, 1619274765.6374958, 1619274769.1024127, 1619274771.3491354, 1619274774.9113908, 1619274780.0569804, 1619274787.3746793, 1619274795.5182219, 1619274805.2356462, 1619274807.5616467, 1619274811.9711053, 1619274820.1371453, 1619274824.169662, 1619274831.0212965, 1619274839.7419214, 1619274845.343036, 1619274853.449137, 1619274872.9296005, 1619274879.7348843, 1619274888.28065, 1619274902.924836, 1619274905.2634773, 1619274916.3410375, 1619274919.4944584, 1619274925.711023, 1619274929.0867102, 1619274935.9579613, 1619274941.2025075, 1619274944.384651, 1619274950.1729307, 1619274960.966431, 1619274963.977376, 1619274970.0543358, 1619274973.8606462, 1619274992.2181036, 1619274995.1470706, 1619275000.2238624, 1619275009.9867778, 1619275017.4047859, 1619275020.842227, 1619275024.0121312, 1619275029.974202, 1619275037.5250802, 1619275041.0042675, 1619275048.9281824, 1619275053.6230848, 1619275058.6623778, 1619275063.8018498, 1619275068.0231194, 1619275077.8546681, 1619275085.6803157, 1619275089.85987, 1619275096.7931485, 1619275101.620162, 1619275120.3637276, 1619275125.9825697, 1619275128.4181924, 1619275142.5077422, 1619275145.071506, 1619275147.1040037, 1619275150.015888, 1619275159.9080274, 1619275168.4338062, 1619275179.8895857, 1619275189.1027696, 1619275197.2912347, 1619275202.0746863, 1619275207.8489757, 1619275211.7765386, 1619275217.8336647, 1619275223.1923707, 1619275227.3520472, 1619275229.8782837, 1619275234.2440114, 1619275239.5594065, 1619275243.2453952, 1619275246.7891963, 1619275248.9690816, 1619275251.3400474, 1619275255.4894505, 1619275260.4609978, 1619275271.4148865, 1619275281.2604918, 1619275285.2074401, 1619275288.4315925, 1619275291.1472151, 1619275294.079604, 1619275299.9970844, 1619275303.384337, 1619275305.943487, 1619275309.0851533, 1619275320.1386113, 1619275323.3092349, 1619275326.4090521, 1619275329.5403042, 1619275335.20749, 1619275344.8281085, 1619275349.750623, 1619275356.726083, 1619275362.2731614, 1619275368.6304984, 1619275372.180553, 1619275384.6353385, 1619275387.0664957, 1619275392.351906, 1619275397.7609553, 1619275405.438533, 1619275414.5245225, 1619275417.7002707, 1619275422.6787686, 1619275431.883581, 1619275434.6883597, 1619275444.7697268, 1619275447.4674048, 1619275451.8175802, 1619275454.0014641, 1619275456.8855631, 1619275461.8101819, 1619275466.0270436, 1619275470.9842606, 1619275476.8313804, 1619275481.317663, 1619275485.489223, 1619275489.6485195, 1619275494.0777159, 1619275496.9218128, 1619275504.2427404, 1619275511.6931057, 1619275514.93714, 1619275517.5544558, 1619275523.4026253, 1619275529.189275, 1619275533.0912147, 1619275535.4675813, 1619275544.4130564, 1619275549.8830602, 1619275566.5396848, 1619275573.877504, 1619275577.0649383, 1619275579.5878642, 1619275592.2424018, 1619275595.6121116, 1619275599.1926656, 1619275609.149349, 1619275611.7603261, 1619275616.2955842, 1619275618.24478, 1619275624.199613, 1619275633.7519584, 1619275636.1434257, 1619275639.0383053, 1619275653.6488907, 1619275657.0023093, 1619275674.9236903, 1619275679.2678301, 1619275688.5736325, 1619275693.540739, 1619275696.1599784, 1619275703.187238, 1619275711.7225976, 1619275714.6681933, 1619275720.7881606, 1619275729.5563495, 1619275732.4462104, 1619275739.9214792, 1619275743.209536, 1619275747.0993497, 1619275751.7947538, 1619275773.4869652, 1619275780.3161824, 1619275785.1084292, 1619275790.0548754, 1619275795.969588, 1619275799.4461823, 1619275805.7491357, 1619275810.7937117, 1619275820.3549569, 1619275823.0170407, 1619275827.7622426, 1619275845.2895384, 1619275847.984165, 1619275852.7564113, 1619275868.1068392, 1619275872.4096844, 1619275886.891561, 1619275891.0746968, 1619275895.9084735, 1619275915.7644916, 1619275924.6749358, 1619275929.3559074, 1619275935.1181228, 1619275939.588809, 1619275949.2618845, 1619275962.287056, 1619275967.832428, 1619275974.569281, 1619275984.0221796, 1619275988.431646, 1619275996.9416018, 1619276000.9811802, 1619276004.946272, 1619276009.9116154, 1619276017.9238226, 1619276025.6954708, 1619276029.8958077, 1619276038.4197268, 1619276042.6682873, 1619276046.4965394, 1619276051.092061, 1619276057.5786226, 1619276061.221218, 1619276065.4687319, 1619276071.6852543, 1619276080.4909604, 1619276090.2971556, 1619276093.0733852, 1619276104.4545536, 1619276112.9115646, 1619276126.5679598, 1619276146.5293126, 1619276155.5015512, 1619276160.0413737, 1619276169.0141215, 1619276172.6668782, 1619276177.5090396, 1619276182.4365087, 1619276185.3158767, 1619276192.9449084, 1619276197.770057, 1619276201.979616, 1619276204.872794, 1619276218.716053, 1619276221.9700649, 1619276225.6692173, 1619276235.3886964, 1619276240.0202157, 1619276243.9748533, 1619276251.527238, 1619276258.0423992, 1619276262.6726983, 1619276266.4307308, 1619276269.973711, 1619276280.0526357, 1619276283.818955, 1619276288.593492, 1619276291.6230407, 1619276303.983889, 1619276306.5317883, 1619276310.034731, 1619276324.5090797, 1619276329.7215457, 1619276334.9812467, 1619276345.210103, 1619276348.5084634, 1619276352.2406793, 1619276355.019766, 1619276361.1191025, 1619276368.5596488, 1619276374.1232958, 1619276380.8689044, 1619276395.3794107, 1619276414.8655243, 1619276425.3488934, 1619276430.6310031, 1619276440.0262413, 1619276444.8588035, 1619276451.6796334, 1619276454.6509898, 1619276457.7336562, 1619276465.1388218, 1619276470.9345796, 1619276477.4029198, 1619276483.5089471, 1619276493.1194334, 1619276499.2509341, 1619276503.4083183, 1619276507.8292391, 1619276516.2172098, 1619276518.969248, 1619276521.0504248, 1619276525.2069855, 1619276528.226408, 1619276532.9884567, 