{"initial_reset_timestamp": 1619446754.557096, "timestamps": [1619446755.3502908, 1619446755.549758, 1619446755.636826, 1619446755.7284644, 1619446755.785462, 1619446755.872354, 1619446755.9585907, 1619446756.0172768, 1619446756.2569134, 1619446756.350841, 1619446756.400529, 1619446756.493121, 1619446756.5720754, 1619446756.6758685, 1619446756.7730596, 1619446756.9037411, 1619446756.9716117, 1619446757.0817683, 1619446757.194344, 1619446757.2481668, 1619446757.312558, 1619446757.383917, 1619446757.4356866, 1619446757.5354235, 1619446757.6045125, 1619446757.6889637, 1619446757.7854702, 1619446758.0319965, 1619446758.132725, 1619446758.2186396, 1619446758.2957406, 1619446758.365543, 1619446758.4521973, 1619446758.5523753, 1619446758.7030385, 1619446758.7846599, 1619446758.903973, 1619446759.0192015, 1619446759.0989904, 1619446759.1881943, 1619446759.3036716, 1619446759.442253, 1619446759.5838199, 1619446759.6912906, 1619446759.898129, 1619446760.0145326, 1619446760.1352274, 1619446760.2432418, 1619446760.3447318, 1619446760.435332, 1619446760.5887067, 1619446760.8712745, 1619446760.9830644, 1619446761.071592, 1619446761.2265167, 1619446761.3459663, 1619446761.4896462, 1619446761.6006317, 1619446761.6998994, 1619446761.7838228, 1619446761.8805957, 1619446761.9757206, 1619446762.0310342, 1619446762.1347153, 1619446762.4631748, 1619446762.6517537, 1619446762.7450962, 1619446762.8940248, 1619446763.09253, 1619446763.2306654, 1619446763.348291, 1619446763.4857123, 1619446763.645156, 1619446763.8539693, 1619446764.0970027, 1619446764.2489474, 1619446764.4211183, 1619446764.6681652, 1619446764.9051805, 1619446765.5018685, 1619446765.734652, 1619446766.1051145, 1619446766.6626506, 1619446766.9404073, 1619446767.374838, 1619446767.8682094, 1619446768.0577867, 1619446768.3985643, 1619446768.690655, 1619446768.8539054, 1619446769.499899, 1619446770.057462, 1619446770.2727861, 1619446770.9173357, 1619446771.1883247, 1619446771.468624, 1619446771.5422971, 1619446771.6360962, 1619446771.7009442, 1619446771.7511644, 1619446771.803684, 1619446771.8532882, 1619446771.9349718, 1619446772.0321634, 1619446772.1481736, 1619446772.234188, 1619446772.2920253, 1619446772.3413343, 1619446772.4150083, 1619446772.5019171, 1619446772.6883614, 1619446772.7539227, 1619446772.881989, 1619446772.9685278, 1619446773.1303074, 1619446773.2154052, 1619446773.3835566, 1619446773.5226314, 1619446773.5691392, 1619446773.7052772, 1619446773.7589352, 1619446773.842771, 1619446773.9927158, 1619446774.0852132, 1619446774.1920886, 1619446774.4758887, 1619446774.657099, 1619446774.7686794, 1619446774.8410027, 1619446775.0246007, 1619446775.1460204, 1619446775.2386122, 1619446775.2962546, 1619446775.389126, 1619446775.4755151, 1619446775.5639465, 1619446775.6387484, 1619446775.6939135, 1619446775.8603072, 1619446775.9307034, 1619446776.0528476, 1619446776.126122, 1619446776.2036633, 1619446776.3246963, 1619446776.467618, 1619446776.5592966, 1619446776.6150575, 1619446776.724811, 1619446776.8483999, 1619446776.9141676, 1619446777.0286524, 1619446777.1536753, 1619446777.3015842, 1619446777.4303625, 1619446777.6108427, 1619446777.714192, 1619446777.799274, 1619446778.0130172, 1619446778.1102786, 1619446778.1901405, 1619446778.2648284, 1619446778.394198, 1619446778.4844882, 1619446778.5669131, 1619446778.6508343, 1619446778.708666, 1619446778.8286903, 1619446778.8820443, 1619446778.981604, 1619446779.0652359, 1619446779.1505318, 1619446779.265971, 1619446779.397998, 1619446779.4810715, 1619446779.6255, 1619446779.690051, 1619446779.7766545, 1619446779.9410653, 1619446780.0177927, 1619446780.1073287, 1619446780.1993678, 1619446780.2784245, 1619446780.3288898, 1619446780.4357615, 1619446780.4853876, 1619446780.6310697, 1619446780.6991158, 1619446780.8335516, 1619446780.924216, 1619446781.0140774, 1619446781.0813038, 1619446781.1773996, 1619446781.2656083, 1619446781.3316946, 1619446781.4290159, 1619446781.5104666, 1619446781.580741, 1619446781.657174, 1619446781.8768158, 1619446781.9287252, 1619446782.0259264, 1619446782.1150649, 1619446782.2136917, 1619446782.2753866, 1619446782.3392515, 1619446782.4606166, 1619446782.5481553, 1619446782.639873, 1619446782.7165537, 1619446782.7780633, 1619446782.8482254, 1619446782.9340136, 1619446782.9946954, 1619446783.0795264, 1619446783.1522007, 1619446783.2361908, 1619446783.4603016, 1619446783.5758166, 1619446783.6342905, 1619446783.7174342], "episode_lengths": [19, 16, 16, 24, 15, 22, 21, 15, 23, 21, 18, 19, 19, 27, 26, 21, 16, 27, 28, 14, 18, 16, 13, 23, 15, 20, 20, 11, 19, 22, 20, 18, 22, 23, 27, 20, 28, 28, 20, 24, 26, 23, 24, 19, 37, 21, 18, 18, 18, 14, 26, 38, 18, 16, 26, 25, 23, 17, 19, 17, 17, 21, 15, 26, 26, 28, 21, 22, 25, 20, 21, 18, 17, 24, 28, 17, 16, 27, 19, 28, 12, 18, 27, 21, 24, 16, 19, 26, 18, 28, 40, 33, 13, 27, 19, 24, 15, 25, 14, 12, 11, 15, 19, 23, 28, 21, 18, 15, 18, 20, 37, 11, 27, 24, 37, 18, 34, 29, 10, 32, 11, 18, 21, 18, 24, 20, 28, 19, 15, 24, 28, 20, 14, 20, 23, 19, 17, 12, 34, 16, 25, 18, 17, 27, 29, 21, 15, 24, 28, 16, 24, 20, 31, 29, 40, 23, 22, 44, 20, 19, 14, 28, 20, 17, 18, 12, 26, 12, 23, 18, 20, 22, 28, 17, 37, 18, 24, 48, 21, 24, 26, 22, 12, 29, 13, 28, 17, 35, 24, 20, 20, 30, 23, 18, 18, 20, 19, 21, 60, 14, 24, 23, 28, 17, 18, 28, 23, 24, 20, 17, 22, 22, 16, 24, 20, 23, 21, 22, 18, 23], "episode_rewards": [19.0, 16.0, 16.0, 24.0, 15.0, 22.0, 21.0, 15.0, 23.0, 21.0, 18.0, 19.0, 19.0, 27.0, 26.0, 21.0, 16.0, 27.0, 28.0, 14.0, 18.0, 16.0, 13.0, 23.0, 15.0, 20.0, 20.0, 11.0, 19.0, 22.0, 20.0, 18.0, 22.0, 23.0, 27.0, 20.0, 28.0, 28.0, 20.0, 24.0, 26.0, 23.0, 24.0, 19.0, 37.0, 21.0, 18.0, 18.0, 18.0, 14.0, 26.0, 38.0, 18.0, 16.0, 26.0, 25.0, 23.0, 17.0, 19.0, 17.0, 17.0, 21.0, 15.0, 26.0, 26.0, 28.0, 21.0, 22.0, 25.0, 20.0, 21.0, 18.0, 17.0, 24.0, 28.0, 17.0, 16.0, 27.0, 19.0, 28.0, 12.0, 18.0, 27.0, 21.0, 24.0, 16.0, 19.0, 26.0, 18.0, 28.0, 40.0, 33.0, 13.0, 27.0, 19.0, 24.0, 15.0, 25.0, 14.0, 12.0, 11.0, 15.0, 19.0, 23.0, 28.0, 21.0, 18.0, 15.0, 18.0, 20.0, 37.0, 11.0, 27.0, 24.0, 37.0, 18.0, 34.0, 29.0, 10.0, 32.0, 11.0, 18.0, 21.0, 18.0, 24.0, 20.0, 28.0, 19.0, 15.0, 24.0, 28.0, 20.0, 14.0, 20.0, 23.0, 19.0, 17.0, 12.0, 34.0, 16.0, 25.0, 18.0, 17.0, 27.0, 29.0, 21.0, 15.0, 24.0, 28.0, 16.0, 24.0, 20.0, 31.0, 29.0, 40.0, 23.0, 22.0, 44.0, 20.0, 19.0, 14.0, 28.0, 20.0, 17.0, 18.0, 12.0, 26.0, 12.0, 23.0, 18.0, 20.0, 22.0, 28.0, 17.0, 37.0, 18.0, 24.0, 48.0, 21.0, 24.0, 26.0, 22.0, 12.0, 29.0, 13.0, 28.0, 17.0, 35.0, 24.0, 20.0, 20.0, 30.0, 23.0, 18.0, 18.0, 20.0, 19.0, 21.0, 60.0, 14.0, 24.0, 23.0, 28.0, 17.0, 18.0, 28.0, 23.0, 24.0, 20.0, 17.0, 22.0, 22.0, 16.0, 24.0, 20.0, 23.0, 21.0, 22.0, 18.0, 23.0], "episode_types": ["t", "t", "t", "t", "t", "t", "t", "t", "t", "t", "t", "t", "t", "t", "t", "t", "t", "t", "t", "t", "t", "t", "t", "t", "t", "t", "t", "t", "t", "t", "t", "t", "t", "t", "t", "t", "t", "t", "t", "t", "t", "t", "t", "t", "t", "t", "t", "t", "t", "t", "t", "t", "t", "t", "t", "t", "t", "t", "t", "t", "t", "t", "t", "t", "t", "t", "t", "t", "t", "t", "t", "t", "t", "t", "t", "t", "t", "t", "t", "t", "t", "t", "t", "t", "t", "t", "t", "t", "t", "t", "t", "t", "t", "t", "t", "t", "t", "t", "t", "t", "t", "t", "t", "t", "t", "t", "t", "t", "t", "t", "t", "t", "t", "t", "t", "t", "t", "t", "t", "t", "t", "t", "t", "t", "t", "t", "t", "t", "t", "t", "t", "t", "t", "t", "t", "t", "t", "t", "t", "t", "t", "t", "t", "t", "t", "t", "t", "t", "t", "t", "t", "t", "t", "t", "t", "t", "t", "t", "t", "t", "t", "t", "t", "t", "t", "t", "t", "t", "t", "t", "t", "t", "t", "t", "t", "t", "t", "t", "t", "t", "t", "t", "t", "t", "t", "t", "t", "t", "t", "t", "t", "t", "t", "t", "t", "t", "t", "t", "t", "t", "t", "t", "t", "t", "t", "t", "t", "t", "t", "t", "t", "t", "t", "t", "t", "t", "t", "t", "t", "t"]}