{"initial_reset_timestamp": 1619475004.7504492, "timestamps": [1619475006.0281684], "episode_lengths": [14], "episode_rewards": [14.0], "episode_types": ["t"]}