{"initial_reset_timestamp": 1619551977.7063398, "timestamps": [1619551980.3749874, 1619551981.8476777, 1619551982.606318, 1619551984.4138072, 1619551985.7108297, 1619551986.650812, 1619551987.8345542, 1619551988.4958186, 1619551991.2238004, 1619551993.5157156, 1619551996.2147977, 1619551998.6216447, 1619551999.4098022, 1619552000.5939648, 1619552002.141992, 1619552003.4283228, 1619552004.163602, 1619552005.486756, 1619552007.4916089, 1619552009.0814197], "episode_lengths": [98, 101, 83, 207, 147, 107, 137, 70, 159, 141, 107, 164, 75, 103, 144, 125, 81, 136, 219, 167], "episode_rewards": [98.0, 101.0, 83.0, 207.0, 147.0, 107.0, 137.0, 70.0, 159.0, 141.0, 107.0, 164.0, 75.0, 103.0, 144.0, 125.0, 81.0, 136.0, 219.0, 167.0], "episode_types": ["t", "t", "t", "t", "t", "t", "t", "t", "t", "t", "t", "t", "t", "t", "t", "t", "t", "t", "t", "t"]}