{"initial_reset_timestamp": 1620677275.7635365, "timestamps": [1620677282.133638, 1620677288.3569906, 1620677295.8266373, 1620677304.8055327, 1620677312.492929, 1620677319.7607915, 1620677329.145112, 1620677336.072034, 1620677343.975197, 1620677352.073449], "episode_lengths": [361, 400, 466, 500, 429, 453, 500, 433, 463, 452], "episode_rewards": [350.0, 389.0, 455.0, 489.0, 418.0, 442.0, 489.0, 422.0, 452.0, 441.0], "episode_types": ["t", "t", "t", "t", "t", "t", "t", "t", "t", "t"]}