{"initial_reset_timestamp": 1620677275.7635295, "timestamps": [1620677282.1353176, 1620677288.3595684, 1620677295.8292634, 1620677304.8074312, 1620677312.4947758, 1620677319.7633512, 1620677329.1484296, 1620677336.0740247, 1620677343.9776812, 1620677352.075718], "episode_lengths": [361, 400, 466, 500, 429, 453, 500, 433, 463, 452], "episode_rewards": [350.0, 389.0, 455.0, 489.0, 418.0, 442.0, 489.0, 422.0, 452.0, 441.0], "episode_types": ["t", "t", "t", "t", "t", "t", "t", "t", "t", "t"]}