{"initial_reset_timestamp": 1620677275.7635396, "timestamps": [1620677282.1311622, 1620677288.3539164, 1620677295.8244014, 1620677304.803522, 1620677312.4908066, 1620677319.758913, 1620677329.142963, 1620677336.0694952, 1620677343.9729576, 1620677352.07168], "episode_lengths": [361, 400, 466, 500, 429, 453, 500, 433, 463, 452], "episode_rewards": [350.0, 389.0, 455.0, 489.0, 418.0, 442.0, 489.0, 422.0, 452.0, 441.0], "episode_types": ["t", "t", "t", "t", "t", "t", "t", "t", "t", "t"]}