{"initial_reset_timestamp": 1620758192.5910172, "timestamps": [1620758197.343126, 1620758205.5656042, 1620758212.2016754, 1620758218.6098163, 1620758224.7141523, 1620758234.7755911, 1620758244.263948, 1620758250.4257042, 1620758258.0405505, 1620758265.9430904], "episode_lengths": [157, 394, 338, 329, 307, 500, 461, 302, 340, 383], "episode_rewards": [146.0, 383.0, 327.0, 318.0, 296.0, 489.0, 450.0, 291.0, 329.0, 372.0], "episode_types": ["t", "t", "t", "t", "t", "t", "t", "t", "t", "t"]}